"cov","dr","ds","t","lspos","text"
"CC", 2924.3,4853,"Nt","A","LC"
"CC", 2535.2,5242,"Nt","A","LC"
"CO", 2146.1,4957,"Ci","A","LC"
"NO", 2442.3,4690,"Ci","A","LC"
"NC", 2831.4,5079,"Ci","A","LC"
"OO", 1576.9,4283,"Nt","A","LC"
"CN", 1187.7,3999,"Nt","A","LC"
"NO", 1483.9,3732,"Nt","A","LC"
"CC", 2253.5,4121,"Nt","A","LC"
"CC", 3226.3,3976,"Nt","A","LC"
"CC", 5157.5,4551,"Nt","A","LC"
"ON", 4048.2,2730,"Nt","A","LC"
"NC", 3075.3,2538,"Nt","A","LC"
"CC", 2117.0,2921,"Nt","A","LC"
"CO", 1144.2,3311,"Nt","A","LC"
"CN",  214.9,3026,"Nt","A","LC"
"CN",  891.5,2759,"Nt","A","LC"
"CC", 1864.4,3148,"Nt","A","LC"
"CC", 2837.2,3003,"Nt","A","LC"
"CO", 3795.5,3189,"Nt","A","LC"
"CC", 6290.1,4777,"Nt","A","LC"
"OO", 7184.5,5750,"Nt","A","LC"
"NO", 3267.0,1565,"Nt","A","LC"
"CN", 2308.7,1949,"Nt","A","LC"
"CC", 1335.8,2477,"Nt","A","LC"
"CN",  363.0,2053,"Nt","A","LC"
"CC",  592.4,1786,"Nt","A","LC"
"CN", 1565.3,2175,"Nt","A","LC"
"CC", 2538.1,2030,"Nt","A","LC"
"CN", 3496.4,2216,"Nt","A","LC"
"CC", 4469.3,2605,"Nt","A","LC"
"CC", 5822.5,4388,"Nt","A","LC"
"OO", 3542.9, 607,"Nt","A","LC"
"OO", 2584.6,1408,"Nt","A","LC"
"CC", 1611.7,2094,"Nt","A","LC"
"CO",  638.9,1121,"Nt","A","LC"
"CO",  304.9, 828,"Nt","A","LC"
"CC", 1277.8,1426,"Nt","A","LC"
"CC", 2250.6,1072,"Nt","A","LC"
"CC", 3197.3,1257,"Nt","A","LC"
"CO", 3586.4,2073,"Nt","A","LC"
"CO", 4480.9,3046,"Nt","A","LC"
"OO", 3786.8, 563,"Nt","A","LC"
"CN", 1855.7,1867,"Nt","A","LC"
"CC",  882.8, 894,"Nt","A","LC"
"CN",   69.7, 261,"Nt","A","LC"
"CC", 1033.8,1199,"Nt","A","LC"
"CN", 1841.1, 247,"Nt","A","LC"
"CC", 2224.5, 711,"Nt","A","LC"
"CC", 3118.9,1684,"Nt","A","LC"
"NO", 5082.0,4588,"Nt","A","L"
"CC", 5471.1,5561,"Nt","A","L"
"ON", 4077.2,1536,"Nt","A","LC"
"CC", 2146.1,2256,"Nt","A","LC"
"CC", 1173.2,1501,"Nt","A","LC"
"CC",  214.9, 990,"Nt","A","LC"
"CC",  694.1,1040,"Nt","A","LC"
"CN",  868.3,1072,"Nt","A","LC"
"CC", 1756.9,1257,"Nt","A","LC"
"NN", 2729.8,2073,"Nt","A","LC"
"NO", 3397.7,2878,"Nt","A","LC"
"OO", 1452.0,1417,"Nt","A","LC"
"CN",  493.7, 459,"Nt","A","LC"
"CN",  261.4, 540,"Nt","A","LC"
"CN",  659.2,1513,"Nt","A","LC"
"CC", 1617.5,2216,"Nt","A","LC"
"NN", 2366.8,2605,"Nt","A","LC"
"CO", 2378.4,3430,"Nt","A","LC"
"NN", 2761.7,4388,"Nt","A","LC"
"NC", 3644.5,3706,"Nt","A","L"
"CC", 3993.0,4269,"Nt","A","L"
"OC", 4382.1,4658,"Nt","A","L"
"NO", 1748.2,1806,"Nt","A","LC"
"CC",  789.9,1266,"Nt","A","LC"
"CO",  171.3,1286,"Nt","A","LC"
"CC", 1144.2,1902,"Nt","A","LC"
"CC", 1515.9,2402,"Nt","A","LC"
"CN", 1393.9,3287,"Nt","A","LC"
"CC", 1405.5,3967,"Nt","C","LC"
"CC", 1788.9,4777,"Nt","A","LC"
"OO", 2700.7,3122,"Nt","A","L"
"CC", 2671.7,2733,"Nt","A","L"
"CN", 2686.2,2913,"Nt","A","L"
"CC", 3020.2,3296,"Nt","A","L"
"OC", 2131.5,3168,"Nt","A","L'"
"OO", 1434.6,2564,"Nt","A","LC"
"OO", 1071.6,1606,"Nt","A","LC"
"CC",   98.7, 912,"Nt","A","LC"
"CC",  723.1,1045,"Nt","A","LC"
"CO",  543.0,1925,"Nt","A","LC"
"CC",  421.1,2898,"Nt","C","LC"
"CO",  441.4,3871,"Nt","C","LC"
"CC", 1399.7,4583,"Nt","A","L"
"OC", 2201.2,3827,"Nt","A","L"
"OO", 1812.1,2855,"Nt","A","L"
"CO", 1727.9,2149,"Nt","A","L"
"OO", 1698.8,1760,"Nt","A","L"
"NN", 1713.4,1940,"Nt","A","L"
"CN", 2047.3,2332,"Nt","A","L"
"CO", 1748.2,3293,"Nt","A","L'"
"CC",  775.4,2320,"Nt","A","L'"
"ON",  145.2,1362,"Nt","C","LC"
"CC",   34.8, 389,"Cp","F","L"
"CC",  217.8, 723,"Cp","C","LC"
"CC",  368.8,1681,"Cp","C","LC"
"CC",  537.2,2654,"Cp","C","LC"
"CC",  781.2,3627,"Cp","C","LC"
"CC", 1539.1,3624,"Nt","A","L"
"NO", 1521.7,3235,"Nt","A","L"
"CC",  853.8,2471,"Nt","A","L"
"CO",  769.6,1513,"Nt","A","L'"
"CC",  740.5, 802,"Nt","A","L'"
"CC",  755.0, 990,"Nt","A","L'"
"CC", 1089.0,1771,"Nt","A","L"
"CC", 1623.3,1751,"Nt","A","L"
"CC", 4309.5,3737,"Nt","A","L"
"CC", 1661.1,2515,"Nt","A","L'"
"CC",  688.2,2126,"Nt","A","L'"
"CN",  261.4,1751,"Nt","C","LC"
"CC", 1007.7,1275,"Cp","F","L"
"CC", 1190.6,1408,"Cp","C","LC"
"CC", 1341.6,2071,"Cp","C","LC"
"CC", 1510.1,3043,"Cp","C","LC"
"CC", 1754.0,3035,"Cp","C","LC"
"CN", 2137.3,2651,"Nt","A","L"
"OO", 1219.7,2262,"Nt","A","L"
"CN",  246.8,2216,"Nt","F","L"
"CO",  194.6,1345,"Nt","F","L"
"CC",  223.6, 380,"Nt","F","L"
"CN",  217.8, 822,"Nt","A","L'"
"CN",  522.7, 799,"Nt","A","L'"
"CC",  909.0, 955,"Nt","A","L"
"CN", 1280.7,1681,"Nt","A","L"
"NC",  322.3, 723,"Nt","A","L"
"NC", 2947.6,2677,"Nt","A","L"
"CC",  717.3,1153,"Nt","C","LC"
"CC",  217.8,1350,"Cp","C","LC"
"CC", 1190.6,2123,"Cp","F","L"
"CC", 2163.5,2381,"Cp","C","LC"
"CC", 2314.5,2765,"Cp","C","LC"
"CC", 2482.9,3433,"Cp","C","LC"
"CC", 2726.9,2471,"Cp","C","LC"
"CN", 2047.3,1679,"Nt","A","L"
"CN", 1074.5,1289,"Nt","A","L"
"CN",  101.6,1243,"Nt","F","L"
"CC",  856.7,1522,"Nt","F","L"
"CN", 1196.4,1353,"Nt","F","L"
"CN",  775.4,1365,"Nt","F","L"
"CO",  243.9, 407,"Nt","F","L"
"CC",  723.1, 799,"Nt","A","L'"
"NN", 1513.0,1754,"Nt","A","L'"
"CN",  554.7,1060,"Nt","A","L"
"CC",  319.4, 926,"Nt","A","L"
"CC", 1060.0,1612,"Nt","A","L"
"CC",  331.1, 273,"Nt","C","LC"
"CC",  606.9, 767,"Cp","F","L"
"CC", 1574.0,1739,"Cp","F","L"
"CC", 2546.8,2712,"Cp","F","L"
"CC", 3272.8,3671,"Cp","C","LC"
"ON", 3441.2,3061,"Cp","C","LC"
"OC", 2883.7,2088,"Cp","C","LC"
"CN", 1925.4,1130,"Nt","A","L"
"CN",  952.5, 331,"Nt","A","L"
"CC",  203.3, 285,"Nt","F","L"
"CO",  755.0, 921,"Nt","F","L"
"CC",  461.7, 886,"Nt","F","L"
"CN",  769.6, 984,"Nt","F","L"
"CC",  180.0,1301,"Nt","F","L"
"CC",  972.8,1522,"Nt","F","L"
"CO", 1126.8,1257,"Nt","F","L"
"CN",  171.3, 412,"Nt","A","L'"
"CC",  699.9, 953,"Nt","A","L'"
"OC", 1672.7,1925,"Nt","A","L'"
"NO", 1483.9,1522,"Nt","A","L"
"CO", 1431.7, 746,"Nt","A","L"
"CN", 1899.2, 833,"Nt","A","L"
"NC", 4274.7,3737,"Nt","A","L"
"CC",  528.5,1554,"Nt","A","L'"
"CC",   75.5, 964,"Cp","C","LC"
"CC",  996.1,1162,"Cp","F","L"
"CC", 1957.3,2047,"Cp","F","L"
"CO", 2930.1,3020,"Cp","C","LC"
"CC", 3888.5,3978,"Cp","C","LC"
"CC", 3850.7,3194,"Cp","C","LC"
"CC", 2877.9,2222,"Cp","C","LC"
"CN", 1919.5,1263,"Nt","A","L"
"CC",  946.7, 665,"Nt","A","L"
"CC",  159.7, 514,"Nt","F","LC"
"CO",  798.6,1124,"Nt","F","L"
"CN",  426.9, 456,"Nt","F","L"
"CC",   20.3, 517,"Nt","F","L"
"CN",  368.8, 546,"CA","F","L"
"CN",  868.3,1519,"CA","F","L"
"CN",  955.4,1368,"CA","F","L"
"CC",   43.6, 688,"Nt","F","L"
"CC",  929.3,1063,"Nt","F","L"
"CC", 1428.8,1568,"Nt","B","L"
"CN",  609.8, 610,"Nt","A","L'"
"CC",  537.2, 529,"Nt","A","L'"
"NO", 1510.1, 746,"Nt","A","L"
"NO", 2468.4,1705,"Nt","A","L"
"CC", 2912.7,2677,"Nt","A","L"
"NO", 1205.2,1237,"Nt","A","L'"
"CC",  490.8,1748,"Nt","A","L'"
"CC",  380.4,1937,"Cp","F","L"
"CC", 1338.7,2134,"Cp","F","L"
"CC", 2311.6,2524,"Cp","C","LC"
"CC", 3284.4,3409,"Cp","C","LC"
"CC", 4242.7,4368,"Cp","C","LC"
"CC", 3964.0,3584,"Cp","C","LC"
"CC", 2991.1,2611,"Cp","A","L"
"NN", 2032.8,2027,"Nt","A","L"
"CN", 1060.0,1638,"Nt","A","L"
"CC",   87.1,1487,"Nt","F","LC"
"CC",  871.2,1818,"Nt","F","LC"
"CC", 1277.8,1350,"Nt","F","LC"
"CO",  909.0,1028,"CA","F","LC"
"CO",  403.7,1040,"CA","F","LC"
"CC",   20.3,1803,"CA","F","LC"
"CN",  345.6,2044,"CA","F","L"
"CC",  365.9,1661,"Nt","F","L"
"CC",  807.3,1922,"Nt","F","L"
"CN",  455.9,1481,"Nt","C","LC"
"CN",  296.2, 796,"Nt","B","L"
"CC",  667.9, 813,"Nt","B","L"
"CC", 1170.3,1588,"Nt","B","L"
"NC", 1550.7,1580,"Nt","A","L'"
"CO", 1957.3,1969,"Nt","A","L"
"CN",  496.6, 682,"Nt","A","L'"
"CN",  264.3, 392,"Nt","A","L'"
"CC",  363.0,1365,"Nt","A","L'"
"CC",  601.1,2338,"Cp","C","LC"
"CC", 1559.4,3093,"Cp","F","L"
"CC", 2532.3,3482,"Cp","C","LC"
"CC", 3461.6,3871,"Cp","C","LC"
"CC", 3659.0,4208,"Cp","C","LC"
"CC", 3833.3,3819,"Cp","C","LC"
"CC", 2933.0,3369,"Cp","C","LC"
"CC", 1974.7,2985,"Nt","A","L"
"CO", 1001.9,2596,"Nt","A","L"
"CC",   29.0,2280,"Nt","A","L"
"CN",  665.0,2373,"Nt","F","LC"
"CC",  647.6,2001,"Nt","F","LC"
"CC", 1068.7,1612,"Nt","F","LC"
"CC", 1190.6,1879,"CA","F","LC"
"CO",  731.8,2387,"CA","F","LC"
"CN",  243.9,3003,"CA","F","LC"
"CC",  336.9,2619,"Nt","F","L"
"CO",  162.6,1853,"Nt","F","L"
"NN",  487.9, 880,"Nt","F","L"
"CC",   84.2, 267,"Nt","C","LC"
"NN",  243.9,1214,"Nt","B","L"
"CN",  212.0,1089,"Nt","B","L"
"NO",  609.8, 621,"Nt","B","L"
"NO",  999.0,1307,"Nt","A","L"
"CC", 1483.9,2280,"Nt","A","L"
"CC",   34.8,  81,"Nt","A","L'"
"CC",  653.4, 923,"Nt","A","L'"
"CC",  119.1,1638,"Cp","C","LC"
"CC",  670.8,2506,"Cp","C","LC"
"CC", 1629.1,2889,"Cp","C","LC"
"CC", 2314.5,3279,"Cp","C","LC"
"CC", 2488.7,3618,"Cp","C","LC"
"CC", 2686.2,3235,"Cp","C","LC"
"CC", 2889.5,2846,"Cp","C","LC"
"CC", 2471.3,3229,"Cp","C","LC"
"CO", 1727.9,2773,"Nt","A","L"
"CO", 1202.3,1800,"Nt","A","L"
"CN",  412.4,1307,"Nt","A","L"
"CO",   81.3,1400,"Nt","F","LC"
"CC",  209.1,1350,"Nt","F","LC"
"CC",  284.6, 639,"Nt","F","LC"
"CN",  789.9,1045,"Nt","F","LC"
"CO",  981.6,1954,"Nt","F","LC"
"CC",  354.3,2181,"Nt","F","LC"
"CC",  566.3,2184,"Nt","F","LC"
"CN",  702.8,1795,"Nt","F","L"
"CO",  659.2,1098,"Nt","F","L"
"CC",  287.5, 685,"Nt","C","LC"
"CN",  421.1,1345,"Nt","C","LC"
"CN",  264.3,1013,"Nt","C","LC"
"CN",  325.2, 433,"Nt","C","LC"
"NN",  122.0,1231,"Nt","C","LC"
"NO", 1094.8,2204,"Nt","A","L"
"CC", 2053.1,3090,"Nt","A","L"
"NO", 3026.0,2355,"Nt","A","L"
"CO", 3554.5,1966,"Nt","A","L"
"NN", 3502.2,1989,"Nt","A","L"
"ON",   20.3,1054,"Nt","A","L'"
"CC",  409.5,1391,"Cp","A","L'"
"CC",  212.0,1196,"Cp","C","LC"
"CC", 1176.1,1533,"Cp","C","LC"
"CC", 1240.0,1917,"Cp","C","LC"
"NN", 1341.6,2837,"Cp","C","LC"
"CC", 1515.9,2680,"Cp","C","LC"
"CC", 1713.4,2262,"Cp","B","L"
"OO", 1916.6,1873,"Cp","B","L"
"OC", 2012.5,2256,"Cp","B","L"
"CO", 1123.8,2384,"Nt","A","L"
"CN",  365.9,1411,"Nt","A","L"
"CO",  470.4, 439,"Nt","A","L"
"CN",  360.1, 671,"Nt","A","LC"
"CN",   14.5,1028,"Nt","A","LC"
"CC",  487.9, 450,"Nt","F","LC"
"CN",  156.8, 970,"Nt","F","LC"
"CN",  238.1, 982,"Nt","F","LC"
"CN",  177.1,1208,"Nt","F","LC"
"CN",  212.0,1716,"Nt","F","LC"
"CN", 1184.8, 822,"Nt","F","LC"
"CN",  932.2, 816,"Nt","F","L"
"CN",   14.5, 380,"Nt","F","L"
"CO",  987.4,1223,"Nt","C","LC"
"CN",  435.6,1420,"Nt","C","LC"
"CN",  183.0, 758,"Nt","C","LC"
"CC",  467.5,1057,"Nt","C","LC"
"CO", 1440.4,1734,"Nt","A","L"
"CC", 2398.7,2117,"Nt","A","L"
"CO", 2970.8,1748,"Nt","A","L"
"NC", 2581.7, 993,"Nt","A","L'"
"NN", 2529.4,1016,"Nt","A","L"
"CO", 2918.5,1806,"Nt","A","L"
"CO", 1080.3,2402,"Nt","A","L'"
"CN",  142.3,2010,"Nt","A","L'"
"NN",  455.9,1051,"Nt","A","L'"
"CC",   29.0, 238,"Nt","C","LC"
"ON",  252.6, 575,"Cp","C","LC"
"OO",  281.7,1481,"Cp","C","LC"
"CN",  383.3,2454,"Cp","C","LC"
"NN",  557.6,2297,"Nt","B","L"
"CN",  755.0,1339,"Nt","B","L"
"CN",  958.3, 915,"Nt","B","L"
"CN", 1245.8,1298,"Nt","A","L'"
"CO",  670.8,1673,"Nt","A","L'"
"CN",   40.7,1644,"Nt","A","L'"
"CN",   78.4, 915,"Nt","B","L"
"CN",  302.0, 555,"Nt","C","LC"
"CO",  101.6, 511,"Nt","C","LC"
"CN",  273.0,1408,"Nt","A","LC"
"NO",  212.0,1199,"Nt","A","LC"
"CO",   58.1, 227,"Nt","F","LC"
"CC",   34.8, 793,"Nt","F","LC"
"CC",  711.5,1600,"Nt","F","LC"
"CC", 1463.6, 627,"Nt","F","LC"
"CN",  856.7, 613,"Nt","F","LC"
"CC",  101.6, 308,"Nt","F","L"
"CN", 1074.5,1199,"Nt","C","LC"
"NN", 1045.4,1257,"Nt","C","LC"
"CN",  110.4, 351,"Nt","C","LC"
"CC",  833.4, 894,"Nt","C","LC"
"CO", 2570.0,1464,"Nt","A","L"
"CC", 2073.5,1481,"Nt","A","L"
"CO", 1623.3, 508,"Nt","A","L'"
"NO", 1571.1, 566,"Nt","A","L'"
"NN", 1960.2,1539,"Nt","A","L"
"CO", 2822.7,2512,"Nt","A","L"
"CC",  406.6,3186,"Nt","A","L'"
"CO",  264.3,2213,"Nt","A","L'"
"CN",  551.8,1255,"Nt","A","L'"
"CO",  380.4, 746,"Nt","B","L"
"CC",  319.4, 677,"Nt","C","LC"
"NN",  601.1,1522,"Nt","C","LC"
"NN",  508.2,2326,"Nt","B","L"
"NN",  188.8,1954,"Nt","B","L"
"NN",  116.2, 996,"Nt","B","L"
"CO",   14.5,  58,"Nt","B","L"
"CO",  273.0, 569,"Nt","A","L'"
"CN",  606.9, 700,"Nt","A","L'"
"CO",  302.0,1350,"Nt","A","L'"
"NN",  377.5,1205,"Nt","B","L"
"CN",   55.2, 282,"Nt","B","L"
"CO",  217.8, 900,"Nt","B","L"
"CN",  609.8,1873,"Nt","C","LC"
"CO",  429.8,1588,"Nt","A","LC"
"CC",  124.9,1112,"Nt","A","LC"
"CC",  412.4,1339,"Nt","F","LC"
"CC", 1283.6,1989,"Nt","F","LC"
"CN", 1469.4,1437,"Nt","F","LC"
"CO",  528.5, 674,"Nt","F","LC"
"CN",  278.8, 816,"Nt","F","L"
"CN", 1251.6,1083,"Nt","C","LC"
"CO",  641.8, 697,"Nt","C","LC"
"CC",  296.2,1324,"Nt","C","LC"
"CC",  920.6, 857,"Nt","C","LC"
"CC", 1597.2,1307,"Nt","A","L"
"CN", 1216.8,1870,"Nt","A","L"
"CO",  711.5,1298,"Nt","A","L"
"CN",  598.2,1321,"Nt","A","L'"
"CC", 1460.7,1620,"Nt","A","L"
"CO",  522.7,3871,"Nt","B","L'"
"CO",  365.9,2898,"Nt","A","L'"
"CC",  345.6,2405,"Nt","A","L'"
"CC",  252.6,1565,"Nt","A","L'"
"CC",  496.6, 674,"Nt","A","L'"
"CC",  464.6, 601,"Nt","A","L'"
"CC", 1423.0,1559,"Nt","A","L'"
"CN",  697.0,1353,"Nt","A","L'"
"CN",  273.0,1359,"Nt","A","L'"
"NN",  903.1,1420,"Nt","A","L'"
"ON",    0.0,1031,"Nt","A","L'"
"CN",  493.7, 970,"Nt","A","L'"
"CN",  183.0, 366,"Nt","A","L'"
"CN",  156.8, 999,"Nt","A","L'"
"CC",  531.4, 529,"Nt","B","L"
"CN",  348.5,1022,"Nt","B","L"
"CC",  737.6,1516,"Nt","B","L"
"CC",  325.2,1771,"Nt","B","L"
"CN",  116.2,1969,"Nt","C","LC"
"CC",  290.4, 996,"Nt","A","LC"
"ON",  650.5, 816,"Nt","C","LC"
"CN",  926.4,1249,"Nt","F","LC"
"CN", 1181.9,1362,"Nt","F","LC"
"CN",  209.1, 485,"Nt","F","LC"
"CO",  737.6, 883,"Nt","F","L"
"CC", 1208.1, 961,"Nt","F","L"
"CN",  258.5, 392,"Nt","C","LC"
"CC",  653.4,1237,"Nt","C","LC"
"CN", 1123.8,1559,"Nt","C","LC"
"CC", 1211.0,1356,"Nt","A","L"
"CN", 1010.6,1739,"Nt","A","L"
"CO",  243.9,2660,"Nt","A","L"
"NN",   98.7,2039,"Nt","A","L'"
"OO",  110.4,1080,"Nt","A","L'"
"CC",  583.7, 648,"Nt","A","L"
"CO", 1815.0,1891,"Nt","A","L"
"CC",  421.1,3488,"Nt","B","L'"
"NN",  551.8,2515,"Nt","A","L'"
"CN",   75.5,1542,"Nt","B","L"
"CC",  705.7,1063,"Nt","B","L"
"CN",   14.5, 572,"Nt","B","L"
"CC",  766.7, 764,"Nt","B","L"
"CO", 1158.7,1533,"Nt","B","L"
"CO",  505.3, 560,"Nt","B","L"
"CN",  334.0, 575,"Nt","A","L'"
"CO",  502.4,1533,"Nt","A","L'"
"CO",  287.5,1989,"Nt","B","L"
"CO",  935.1,1191,"Nt","B","L"
"NN",    0.0,1051,"Nt","B","L"
"CN",  685.3,1011,"Nt","A","L'"
"CN",  238.1, 372,"Nt","B","L"
"CN",   29.0, 726,"Nt","B","L"
"CN",  360.1,1298,"Nt","B","L"
"CN",  752.1, 813,"Nt","A","L'"
"CN",   29.0,1284,"Nt","B","L"
"CO",  630.2, 810,"Nt","C","LC"
"CN",  116.2, 360,"Nt","C","LC"
"CN",  299.1, 543,"Nt","C","LC"
"CC",  935.1, 923,"Nt","F","LC"
"CN",   29.0,  44,"Nt","C","LC"
"CN",  984.5, 976,"Nt","C","LC"
"CN",  807.3, 900,"Nt","F","L"
"CC",  139.4, 197,"Nt","C","LC"
"CC", 1077.4,1147,"Nt","C","LC"
"CC",  374.6,1124,"Nt","C","LC"
"CC",  601.1,1385,"Nt","A","L"
"CN",  653.4,2195,"Nt","A","L"
"NN",  310.7,2831,"Nt","A","L"
"ON",  882.8,1859,"Nt","A","L'"
"ON",  760.8, 900,"Nt","A","L'"
"ON",   55.2,  73,"Nt","A","L'"
"CN",  119.1, 680,"Nt","A","L"
"CN",  467.5, 534,"Nt","A","L"
"NO",  319.4,3099,"CA","A","L'"
"CN",  644.7,2126,"CA","A","L'"
"CC",  630.2,1153,"CA","B","L"
"CO",  113.3, 195,"CA","B","L"
"CC",  659.2, 790,"Nt","B","L"
"CO", 1370.7,1632,"Nt","B","L"
"CC",  720.2,1647,"Nt","B","L"
"CC",  203.3, 674,"CA","B","L"
"CC",  487.9, 334,"CA","A","L'"
"CN",  148.1,1292,"Nt","A","L'"
"CO",  746.3,1644,"Nt","B","L"
"OO",  627.3, 671,"Nt","B","L"
"CO",   29.0, 322,"Nt","B","L"
"CN",  365.9, 465,"Nt","A","L'"
"NN",  740.5, 700,"Nt","A","L'"
"NN",  920.6, 767,"Nt","B","L"
"CO",  516.9,1037,"Nt","A","L'"
"CC",   90.0, 160,"Nt","B","L"
"CO",  212.0, 511,"Nt","B","L"
"CO",  624.4,1484,"Nt","C","LC"
"CN",  691.2,1066,"Nt","A","LC"
"CN",  151.0,1089,"Nt","C","LC"
"CN",  630.2,1208,"Nt","F","LC"
"CN",  334.0, 883,"Nt","C","LC"
"CC", 1292.3,1330,"Nt","C","LC"
"NN",  412.4,1455,"Nt","C","LC"
"CC",  546.0,1167,"Nt","C","LC"
"CN",  792.8, 401,"Nt","C","LC"
"CN",    0.0, 195,"Nt","C","LC"
"CC",  952.5, 848,"Nt","A","L'"
"CO",  290.4,1806,"Nt","A","L"
"ON",  624.4,2454,"Nt","A","L"
"CO", 1481.0,1481,"Nt","A","L'"
"NO",  525.6, 523,"Nt","A","L'"
"NN",   98.7, 453,"Nt","A","L'"
"CO",  630.2, 831,"Nt","A","L"
"CC",  604.0, 279,"Nt","A","L"
"CN", 1028.0,2071,"CA","B","L'"
"CO",  113.3,2291,"CA","A","L'"
"OC",  923.5,2503,"CA","A","L'"
"OC",  476.3,1530,"CA","B","L"
"CN",  345.6,1034,"CA","B","L"
"OO", 1240.0,1234,"Nt","B","L"
"CO", 1559.4,1623,"Nt","B","L"
"NC",  673.7, 967,"Nt","B","L"
"CC",  273.0, 804,"Nt","B","L"
"CN",   40.7, 775,"Nt","A","L'"
"NN",  592.4, 694,"Nt","B","L"
"CN",  577.9,1217,"Nt","B","L"
"CO",  319.4, 775,"Nt","B","L"
"CC",  633.1, 883,"Nt","B","L"
"CC",   78.4, 238,"Nt","B","L"
"CC",  243.9,1115,"Nt","B","L"
"CO",  624.4,1214,"Nt","B","L"
"CO", 1193.5,1522,"Nt","A","L'"
"NN",  226.5, 932,"Nt","A","L'"
"CN",  656.3, 874,"Nt","A","L'"
"CN",  191.7,1664,"Nt","C","LC"
"CO",    0.0,1899,"Nt","B","L"
"CC",   34.8,1011,"Nt","A","LC"
"CC",  255.6, 889,"Nt","C","LC"
"CN",  662.1,1609,"Nt","C","LC"
"CN",  975.7,2036,"Nt","C","LC"
"CC",  101.6,2100,"Nt","C","LC"
"CN",  871.2,1255,"Nt","C","LC"
"CC",  583.7, 563,"Nt","C","LC"
"CC",  371.7, 723,"Nt","C","LC"
"CN", 1132.6,1211,"Nt","A","L'"
"NN",  174.2,2126,"Nt","A","L"
"CO",  798.6,2727,"Nt","A","L"
"CO", 1086.1,1754,"Nt","A","L'"
"NN",  133.6,1013,"Nt","A","L'"
"NN",  818.9,1031,"Nt","A","L'"
"CO", 1460.7,1086,"Nt","A","L"
"CO", 1576.9, 865,"Nt","A","L"
"NN", 1454.9,1112,"CA","B","L'"
"CO", 1071.6,1333,"CA","A","L'"
"OO",  752.1,1969,"CA","B","L"
"CO",   55.2,1957,"Nt","B","L"
"CN",  868.3, 999,"Nt","B","L"
"CC", 1701.7, 276,"Nt","B","L"
"CC", 1176.1,1144,"Nt","B","L"
"NN",  217.8, 485,"Nt","B","L"
"CC",  667.9, 616,"Nt","B","L"
"CO",  156.8,1098,"Nt","B","L"
"CN",   14.5, 287,"Nt","B","L"
"CO",  374.6,1054,"Nt","B","L"
"CC",   34.8, 253,"Nt","B","L"
"CO",  290.4, 958,"Nt","B","L"
"CN",  421.1, 848,"Nt","B","L"
"CN",   55.2, 656,"Nt","B","L"
"CC",  203.3, 395,"Nt","A","L'"
"CN",  604.0,1368,"Nt","B","L"
"CN",  148.1,1719,"Nt","A","L'"
"NN", 1086.1,1832,"Nt","A","L'"
"NO", 1129.7,2222,"Nt","B","L"
"CN",  609.8,1679,"Nt","B","L"
"CN",  153.9, 720,"Nt","A","LC"
"CC",   40.7, 415,"Nt","C","LC"
"CN",  252.6,1388,"Nt","C","LC"
"CN",  551.8,1077,"Nt","C","LC"
"CN",  374.6,1141,"Nt","C","LC"
"CC", 1074.5,1591,"Nt","C","LC"
"CC",  217.8, 729,"Nt","C","LC"
"CC",  726.0, 793,"Nt","C","LC"
"OO",  949.6,1557,"Nt","A","L'"
"CO",    0.0,1557,"Nt","A","L'"
"CN",  839.3,1998,"Nt","A","L"
"CO",  699.9,2355,"Nt","A","L'"
"CO",  243.9,1972,"Nt","A","L'"
"CN", 1211.0,1989,"Nt","A","L'"
"CC", 1823.7, 227,"CA","B","L'"
"CO", 1016.4, 778,"CA","B","L"
"CN",  217.8, 996,"Nt","B","L"
"CO",  609.8,1664,"Nt","B","L"
"CC", 1402.6,1191,"Nt","B","L"
"CN", 1582.7, 755,"Nt","B","L"
"CN",  940.9,1336,"Nt","B","L"
"CC",   40.7, 389,"Nt","B","L"
"NC",  778.3, 723,"Nt","B","L"
"CN",  618.6,1376,"Nt","B","L"
"CN",  252.6,1260,"Nt","B","L"
"CC",  964.1,1615,"Nt","B","L"
"CO",  145.2,1225,"Nt","B","L"
"NC",  159.7, 897,"Nt","B","L"
"CO",  740.5, 569,"Nt","B","L"
"CC", 1022.2,1101,"Nt","B","L"
"CN",  499.5, 996,"Nt","B","L"
"CC",  444.3, 543,"Nt","A","L'"
"CN",  505.3, 921,"Nt","B","L"
"CN", 1463.6,1249,"Nt","A","L'"
"CO", 1658.2,1580,"Nt","B","L"
"NN",  699.9,1385,"Nt","B","L"
"NN",  238.1,1432,"Nt","A","LC"
"CN",  795.7,1310,"Nt","C","LC"
"CO",  630.2,1388,"Nt","C","LC"
"CO",  156.8, 430,"Nt","C","LC"
"CN",   78.4, 590,"Nt","C","LC"
"CC",  464.6, 889,"Nt","C","LC"
"CC",  174.2, 752,"Nt","C","LC"
"CN", 1132.6,1542,"Nt","C","LC"
"CN",  624.4, 636,"Nt","C","LC"
"CO",  325.2, 636,"Nt","A","L'"
"NO", 1272.0,1609,"Nt","A","L'"
"CC",  307.8,2582,"Nt","A","L'"
"CC",  636.0,2945,"Nt","A","L'"
"CN", 1417.2,2962,"Nt","A","L'"
"NO", 1643.7,3017,"Nt","A","L'"
"CC", 1858.6,1542,"CA","B","L'"
"CO", 1274.9, 996,"CA","B","L"
"CO",  476.3, 671,"Nt","B","L"
"CN",  101.6, 395,"Nt","B","L"
"CN",  426.9,1368,"Nt","B","L"
"CO",  818.9,1780,"Nt","B","L"
"NN",  848.0,1728,"Nt","B","L"
"CO",  325.2,1112,"Nt","B","L"
"CC",  232.3,1159,"Nt","B","L"
"CO", 1147.1,1159,"Nt","B","L"
"CN",  174.2, 404,"Nt","B","L"
"CC",  723.1,1086,"Nt","B","L"
"CO", 1501.4,2059,"Nt","B","L"
"CO",  853.8,1591,"Nt","B","L"
"NN",   98.7, 729,"Nt","B","L"
"CC", 1071.6, 613,"Nt","B","L"
"NC", 1443.3,1437,"Nt","B","L"
"CO",  485.0, 499,"Nt","B","L"
"CN",   78.4, 616,"Nt","A","L'"
"CO",  217.8, 950,"Nt","B","L"
"CN",  601.1, 276,"Nt","B","L"
"CN", 1010.6, 999,"Nt","B","L"
"CN",  296.2, 412,"Nt","B","L"
"CO",  638.9, 938,"Nt","B","L"
"CN", 1437.5,1597,"Nt","A","LC"
"NO",  670.8,1406,"Nt","C","LC"
"OO",  238.1,1194,"Nt","C","LC"
"CN",  798.6,1257,"Nt","C","LC"
"CN",  400.8, 706,"Nt","C","LC"
"CO",   14.5, 357,"Nt","C","LC"
"CO",  293.3,1330,"Nt","C","LC"
"CN",  246.8, 772,"Nt","C","LC"
"CO",  688.2, 772,"Nt","A","L'"
"NO",  879.9,1600,"Nt","A","L'"
"CC",   81.3,1780,"Nt","A","L'"
"CO", 1025.1,2268,"Nt","A","L'"
"NN",  444.3,3241,"Nt","A","L'"
"CC",  914.8,3990,"Nt","A","L'"
"CC",  900.2,1461,"CA","B","L"
"CC",  743.4,1954,"Nt","B","L"
"CC",   61.0,1324,"Nt","B","L"
"CO",  874.1,1214,"Nt","B","L"
"CC",   58.1, 926,"Nt","B","L"
"CC",  322.3, 822,"Nt","B","L"
"OO",  630.2,1400,"Nt","B","L"
"CO",  429.8, 427,"Nt","B","L"
"CC",  485.0, 543,"Nt","B","L"
"CN",  842.2,1228,"Nt","B","L"
"ON",  122.0, 578,"Nt","B","L"
"CC", 1080.3,1156,"Nt","B","L"
"NO",  714.4,2129,"Nt","B","L"
"CO",  531.4,1522,"Nt","B","L"
"OO",  406.6, 563,"Nt","B","L"
"CC", 1379.4, 723,"Nt","B","L"
"CN", 1161.6,1225,"Nt","B","L"
"CN",  203.3, 607,"Nt","B","L"
"NO",  656.3, 953,"Nt","A","L'"
"CO",  714.4,1316,"Nt","A","L'"
"CN",  322.3, 741,"Nt","B","L"
"CN",  421.1,1153,"Nt","B","L"
"CN",   95.8, 674,"Nt","B","L"
"CN",  862.5,1031,"Nt","B","L"
"CC", 1248.7, 865,"Nt","B","L"
"CO",  278.8, 447,"Nt","C","LC"
"CN",  641.8,1345,"Nt","C","LC"
"NN", 1147.1,1737,"Nt","C","LC"
"NN",  331.1,1350,"Nt","C","LC"
"CN",  595.3,1211,"Nt","C","LC"
"CO",  560.5,1411,"Nt","C","LC"
"CN",   40.7, 439,"Nt","C","LC"
"CN",  130.7, 555,"Nt","C","LC"
"OO",  458.8, 642,"Nt","A","L'"
"CN",  467.5, 926,"Nt","A","L'"
"CO",  691.2,1885,"Nt","A","L'"
"CN",  101.6,2858,"Nt","A","L'"
"CC",  972.8,3830,"Nt","A","L'"
"CC",  345.6, 343,"Nt","B","L"
"CC",   61.0, 793,"Nt","B","L"
"CO",   14.5,1766,"Nt","B","L"
"CC",  604.0,2297,"Nt","B","L"
"NN", 1219.7,1699,"Nt","B","L"
"CC",  490.8, 726,"Nt","B","L"
"CO",  174.2, 465,"Nt","B","L"
"CN",  450.1,1437,"Nt","B","L"
"CN",   49.4,1156,"Nt","B","L"
"NN",  519.8,1202,"Nt","B","L"
"CN",  534.3,1542,"Nt","B","L"
"CN",  426.9,1551,"Nt","B","L"
"CN", 1385.2,1911,"Nt","B","L"
"CC",  720.2,2489,"Nt","B","L"
"CN",  421.1,1516,"Nt","B","L"
"NN",  363.0, 601,"Nt","B","L"
"CN",  595.3, 775,"Nt","B","L"
"NO",  853.8,1138,"Nt","B","L"
"CO",   92.9, 389,"Nt","B","L"
"CC", 1065.8,1095,"Nt","B","L"
"CC", 1071.6,1167,"Nt","B","L"
"CO",  116.2, 279,"Nt","B","L"
"NO",  821.8, 950,"Nt","B","L"
"NN",  467.5, 569,"Nt","B","L"
"CN",  450.1, 482,"Nt","B","L"
"NN", 1013.5, 976,"Nt","B","L"
"CO",   40.7, 723,"Nt","C","LC"
"CN",  185.9,1455,"Nt","C","LC"
"CN",  183.0, 903,"Nt","C","LC"
"CN",   34.8, 584,"Nt","C","LC"
"NN",  969.9,1411,"Nt","C","LC"
"NN",  516.9,1800,"Nt","C","LC"
"NO",  421.1,1185,"Nt","C","LC"
"CC",  755.0,1231,"Nt","C","LC"
"CN",  394.9, 540,"Nt","B","L"
"CN",   14.5, 886,"Nt","B","L"
"CN",  116.2,1844,"Nt","B","L"
"CO",  827.6,1225,"Nt","B","L"
"CO",  540.1, 267,"Nt","B","L"
"CC",   78.4, 833,"Nt","B","L"
"CO",  807.3,1173,"Nt","B","L"
"CC", 1179.0,2062,"Nt","B","L"
"NC", 1852.8,2088,"Nt","B","L"
"CC", 1266.1,1507,"Nt","B","L"
"CO",  310.7,1400,"Nt","B","L"
"NC",  644.7, 976,"Nt","B","L"
"CC",  752.1,1330,"Nt","B","L"
"CO",  450.1,1150,"Nt","B","L"
"CN",  116.2, 569,"Nt","B","L"
"CC",  717.3,1237,"Nt","B","L"
"NN", 1675.6,2195,"Nt","B","L"
"CN", 1675.6,2518,"Nt","B","L"
"CO",  862.5,1545,"Nt","B","L"
"CC",  548.9, 674,"Nt","B","L"
"OO",  307.8, 804,"Nt","B","L"
"NO",  101.6,1234,"Nt","B","L"
"CO",  267.2,1362,"Nt","B","L"
"CN", 1240.0,1591,"Nt","B","L"
"CC",  665.0, 619,"Nt","A","L'"
"CN",  229.4, 543,"Nt","B","L"
"CN",  958.3,1516,"Nt","B","L"
"CC",  145.2,1298,"Nt","B","L"
"CC",  798.6,1263,"Nt","B","L"
"CN",  528.5, 703,"Nt","B","L"
"CN",  223.6, 340,"Nt","C","LC"
"CN", 1141.3,1298,"Nt","C","LC"
"NN",  749.2, 909,"Nt","C","LC"
"CN",  371.7, 598,"Nt","C","LC"
"CN",   20.3,1417,"Nt","C","LC"
"CO",  122.0,1780,"Nt","C","LC"
"CN",  827.6,2158,"Nt","C","LC"
"CC", 1727.9,1902,"Nt","C","LC"
"CN", 1338.7,1513,"Nt","B","L"
"OO",  821.8,1307,"Nt","B","L"
"NN",  116.2,1284,"Nt","A","L'"
"OO",  485.0,2105,"Ce","B","L'"
"NO",  130.7,1133,"Nt","B","L"
"CC",  101.6, 174,"Nt","B","L"
"CN",   72.6, 253,"Nt","B","L"
"NN",   29.0, 790,"Nt","B","L"
"NO",  662.1,1542,"Nt","B","L"
"CN", 1635.0,1432,"Nt","B","L"
"CC", 1013.5,1838,"Nt","B","L"
"NN",  107.4,1016,"Nt","B","L"
"CN",   29.0,  44,"Nt","B","L"
"CC",  319.4, 929,"Nt","B","L"
"NN",  461.7,1092,"Nt","B","L"
"NO",   69.7, 424,"Nt","B","L"
"CO", 1039.6,1179,"Nt","B","L"
"CO", 1998.0,2137,"Nt","B","L"
"CN", 2009.6,2901,"CA","B","L"
"CN", 1048.3,2015,"CA","B","L"
"CC",  203.3,1632,"Nt","B","L"
"NN",  557.6, 662,"Nt","B","L"
"OO",  406.6, 415,"Nt","B","L"
"NO",  406.6,1374,"Nt","B","L"
"CO", 1060.0,1696,"Nt","B","L"
"CO",  473.4, 802,"Nt","A","L'"
"CN",  365.9, 802,"Nt","B","L"
"CC",  461.7,1060,"Nt","B","L"
"CC",  325.2,1391,"Nt","B","L"
"CO", 1155.8,1211,"Nt","B","L"
"CN",  392.0, 558,"Nt","C","LC"
"CN",  572.1, 758,"Nt","C","LC"
"CN", 1530.4,1612,"Nt","C","LC"
"CO",  885.7,1719,"Nt","C","LC"
"CN",   61.0,1557,"Nt","C","LC"
"CO",  183.0, 758,"Nt","C","LC"
"NN",  235.2, 822,"Nt","C","LC"
"NN", 1184.8,1777,"Nt","B","L"
"NN", 2143.2,2198,"Nt","C","LC"
"CO", 1274.9,1539,"Nt","B","L"
"CO",  493.7, 566,"Nt","B","L"
"CN",  455.9, 508,"Nt","A","L'"
"CC", 1544.9,1911,"Ce","B","L'"
"CO",  972.8,1196,"Ce","B","L'"
"CN",  871.2, 935,"Ce","B","L"
"CO",  136.5,1104,"Nt","B","L"
"CC",  778.3, 627,"Nt","B","L"
"NC",  830.5,1173,"Nt","B","L"
"CO",  888.6, 752,"Nt","B","L"
"NN", 1791.8, 476,"Nt","B","L"
"CC", 1463.6,1449,"Nt","B","L"
"CN", 1080.3,1406,"Nt","B","L"
"CC",  926.4, 990,"Nt","B","L"
"NO",  653.4,1345,"Nt","B","L"
"CC",  502.4,1658,"Nt","B","L"
"OC",  363.0,1397,"Nt","B","L"
"NN", 1335.8,1786,"Nt","B","L"
"CO", 2183.8,2526,"Nt","B","L"
"CN", 1632.0,2715,"CA","B","L"
"CC",  659.2,2878,"CA","B","L"
"CO",  293.3,1920,"CA","B","L"
"CN",  296.2,1086,"CA","B","L"
"CO",  290.4, 987,"CA","B","L"
"CO",  136.5,1658,"CA","B","L"
"CO",   87.1,1891,"Nt","B","L"
"CO",  345.6, 918,"Nt","A","L'"
"CN",  209.1, 319,"Nt","A","L'"
"CC",   69.7,  96,"Nt","A","L'"
"CC",  731.8, 923,"Nt","B","L"
"CN",   29.0, 195,"Nt","B","L"
"NN",  906.0, 990,"Nt","C","LC"
"CN", 1518.8,1588,"Nt","C","LC"
"CC",  546.0, 746,"Nt","C","LC"
"CC",  363.0, 833,"Nt","C","L'"
"CO",  464.6, 558,"Nt","C","LC"
"CN",  400.8, 717,"Nt","B","L"
"NN",  821.8, 842,"Nt","B","L"
"CC", 1237.1,1356,"Nt","B","L"
"CN",  996.1,1231,"Nt","B","L"
"CN",   34.8, 258,"Nt","B","L"
"CO",  787.0, 781,"Nt","A","L'"
"NO", 1135.5, 938,"Ce","B","L'"
"CO",  252.6, 854,"Ce","B","L"
"CO",  101.6, 200,"Ce","B","L"
"CN",  171.3,1066,"Ce","B","L"
"CO",  650.5, 380,"Ce","B","L"
"CO", 1623.3,1074,"Ce","B","L"
"CO", 1861.5, 903,"Ce","B","L"
"CO", 1948.6, 793,"Ce","B","L"
"CC", 1507.2,1583,"Ce","B","L"
"NO", 1359.1,2352,"Ce","B","L"
"CO", 1675.6,1963,"Ce","B","L"
"OO", 1257.4,1330,"Ce","B","L"
"OO",  299.1, 685,"Ce","B","L"
"CC",  665.0,1112,"Ce","B","L"
"NN", 1501.4,2085,"Ce","B","L"
"CN", 1211.0,1783,"Ce","B","L"
"CN", 1486.8,1742,"Ce","B","L"
"CN", 1248.7,2132,"CA","C","L'"
"CN",  993.2,2126,"CA","C","L'"
"NN",   20.3,2059,"CA","B","L"
"CC",  394.9,1365,"CA","B","L"
"CO",   40.7,1225,"Ce","B","L"
"CC",  877.0,1719,"Ce","B","L"
"CN",  624.4,1098,"Ce","B","L"
"CN",  145.2, 770,"Ce","A","L'"
"CC",  543.0, 944,"Ce","A","L'"
"CN",  334.0,1275,"Ce","A","L'"
"CN",  784.1,1133,"Nt","C","L'"
"CN",  188.8, 883,"Nt","C","L'"
"CN", 1161.6,1472,"Nt","C","L'"
"CN", 1173.2,1501,"Nt","C","L'"
"CN",  200.4, 529,"Nt","C","L'"
"CN",  737.6, 746,"Nt","B","L"
"CO",  403.7,1513,"Nt","B","L"
"NN",   55.2, 964,"Nt","B","L"
"CO",  104.5, 189,"Nt","B","L"
"CN",  583.7,1095,"Nt","B","L"
"CO",  604.0, 892,"Nt","B","L"
"CN",  209.1,1095,"Nt","A","L'"
"CO",  845.1, 915,"Ce","B","L'"
"ON",  412.4, 160,"Ce","B","L'"
"CC",   43.6, 871,"Ce","B","L"
"CC",  400.8, 354,"Ce","B","L"
"OO",  592.4, 732,"Ce","B","L"
"CC", 1286.5, 131,"Ce","B","L"
"CC", 2006.7, 842,"Ce","B","L"
"CC", 2503.2,1800,"Ce","B","L"
"NN", 1530.4,1751,"Ce","C","L'"
"CC",  601.1,2140,"Ce","B","L"
"NC",  400.8,2924,"Ce","B","L"
"CN",  717.3,2010,"Ce","B","L"
"CN",  949.6,1202,"Ce","B","L"
"CC",    0.0, 366,"Ce","B","L"
"CC",  964.1, 984,"Ce","B","L"
"CN",  900.2,1739,"Ce","B","L"
"CN",  252.6, 825,"Ce","B","L"
"CC",  528.5, 784,"Ce","B","L"
"CN",  856.7,1652,"CA","C","L'"
"NN",  743.4,1167,"CA","C","L'"
"CN",  217.8,1196,"CA","B","L"
"CC",  694.1, 711,"CA","B","L"
"CN",  261.4, 363,"Ce","C","L'"
"CC",  665.0,1336,"Ce","C","L'"
"CN",  238.1, 363,"Ce","C","L'"
"CC",   20.3, 770,"Ce","A","L'"
"CN",  723.1,1742,"Ce","B","L"
"CN",  101.6,1722,"Ce","A","L'"
"CC",  845.1, 857,"Ce","B","L"
"CC",  572.1, 232,"Ce","B","L"
"NN", 1396.8,1205,"Nt","B","L"
"CC", 1062.9, 915,"Nt","B","L"
"CO",  267.2, 781,"Nt","B","L"
"CO",  348.5,1452,"Nt","B","L"
"CN",  403.7,1266,"Nt","B","L"
"OC",  156.8, 293,"Nt","B","L"
"NC",  360.1, 714,"Nt","A","L'"
"CO",  711.5,1269,"Nt","A","L'"
"CO",   40.7, 296,"Nt","A","L'"
"CO",  752.1, 804,"Nt","A","L'"
"CC",  113.3, 276,"Ce","B","L'"
"CO",  197.5, 302,"Ce","B","L"
"CO",  441.4, 346,"Ce","B","L"
"CO", 1173.2, 650,"Ce","B","L"
"CO", 1565.3, 290,"Ce","B","L"
"CC",  673.7,3113,"Ce","C","L'"
"NN",  557.6,2593,"Ce","C","L'"
"CO",  238.1,1620,"Ce","B","L"
"CN",   98.7, 648,"Ce","B","L"
"CO",  304.9, 590,"Ce","B","L"
"NO",  667.9,1562,"Ce","C","L'"
"CN", 1022.2,1641,"Ce","C","L'"
"CC",  708.6, 682,"Ce","C","L'"
"CC",  432.7, 581,"Ce","C","L'"
"CO",  101.6,1153,"CA","C","L'"
"CO",  229.4, 456,"CA","C","L'"
"CC",  351.4, 529,"CA","C","L'"
"CN",  476.3,1089,"CA","C","L'"
"CO",  479.2, 950,"Ce","C","L'"
"CO",   87.1,1115,"Ce","B","L"
"CO",  705.7, 865,"Ce","B","L"
"CC",  943.8,1028,"Ce","B","L"
"CN", 1315.5,1530,"Ce","B","L"
"CC",  461.7, 836,"Ce","B","L"
"CC",  435.6, 621,"Ce","B","L"
"CN", 1408.4,1188,"Ce","B","L"
"CO", 1934.1,1243,"Ce","B","L"
"CN", 1617.5, 781,"Ce","B","L"
"NO", 1213.9, 447,"Nt","B","L"
"NN",  371.7, 497,"Nt","B","L"
"CC",  888.6, 584,"Nt","A","L'"
"CC",  258.5,1040,"Nt","A","L'"
"CC",  670.8,1208,"Nt","B","L"
"CO",  447.2,1452,"Nt","B","L"
"CO",  522.7,1225,"Nt","A","L'"
"CC", 1004.8,1420,"Ce","B","L'"
"CC",  345.6, 706,"Ce","B","L"
"CC",  374.6, 674,"Ce","B","L"
"CO",  705.7, 668,"Ce","B","L"
"CO", 1669.8,1170,"Ce","B","L"
"CC", 1530.4,2704,"Ce","C","L'"
"CC", 1211.0,1731,"Ce","C","L'"
"CO",  856.7, 828,"Ce","C","L'"
"CC",  522.7, 804,"Ce","C","L'"
"CC",  304.9,1673,"Ce","C","L'"
"CN",  877.0,2030,"Ce","C","L'"
"CN", 1681.4,1551,"Ce","C","L'"
"CN", 1405.5,1510,"Ce","C","L'"
"CO", 1071.6, 892,"Ce","C","L'"
"CC",  726.0, 212,"CA","C","L'"
"CC",  508.2,1167,"CA","C","L'"
"CO",  185.9, 947,"Ce","C","L'"
"CO",  755.0,1176,"CA","C","L'"
"NN",  345.6, 203,"CA","B","L"
"CO",  766.7, 828,"Ce","B","L"
"NO", 1725.0,1167,"Ce","B","L"
"CC", 1539.1,1211,"Ce","B","L"
"CO",  566.3, 238,"Ce","B","L"
"CO",  209.1, 607,"Ce","B","L"
"CC", 1181.9, 491,"Ce","B","L"
"CN", 1733.7, 883,"Ce","B","L"
"CN", 1344.6, 784,"Ce","B","L"
"NN", 1103.5, 656,"Nt","B","L"
"CN",  296.2,1516,"Nt","B","L"
"CO", 1065.8,1333,"Nt","B","L"
"CC",  554.7, 479,"Nt","B","L"
"NN",   58.1, 784,"Ce","B","L"
"CC",   69.7, 421,"Ce","B","L"
"CO",  644.7, 645,"Ce","B","L"
"CN", 1617.5,1609,"Ce","B","L"
"CC", 1481.0,1763,"Ce","C","L'"
"NN", 1263.2,2152,"Ce","C","L'"
"CO", 1553.6,2892,"Ce","C","L'"
"CO", 2218.7,2509,"Ce","C","L'"
"CC", 2363.9,2248,"Ce","C","L'"
"CO", 2029.9,1449,"Ce","C","L'"
"NN", 1684.3,1170,"Ce","C","L'"
"CO",  897.3, 941,"CA","C","L'"
"CC",   14.5,  55,"Ce","C","L'"
"CC",  888.6,1013,"CA","B","L"
"CO", 1242.9, 955,"CA","B","L"
"NN",  636.0, 468,"Ce","B","L"
"CO",  482.1, 926,"Ce","B","L"
"CC", 1254.5,2004,"Ce","B","L"
"CO", 1632.0,1403,"Ce","B","L"
"CO", 1513.0, 653,"Nt","B","L"
"CN", 1693.0, 982,"Nt","A","L'"
"CC",  853.8, 804,"Ce","B","L"
"CC", 1417.2,1536,"Ce","B","L"
"CO",  740.5,1374,"CA","C","L'"
"CO",  223.6,1019,"Ce","C","L'"
"CO",  580.8,1403,"Ce","B","L"
"CN", 1544.9,1554,"Ce","B","L"
"CC", 2227.4,2765,"Ce","B","L"
"CC", 2604.9,2010,"Ce","B","L"
"CC", 2485.8,1626,"Ce","B","L"
"CC",  232.3,1992,"Ce","C","L'"
"CO",  183.0,2375,"Ce","C","L'"
"CN",  853.8,2526,"Ce","B","L"
"OC", 3200.2,3372,"Ce","B","L"
"OO", 3577.7,2982,"Ce","B","L"
"OO", 3458.7,2599,"Ce","B","L"
"CO", 3638.7,2814,"CA","A","L'"
"CC", 4417.0,3557,"Ce","B","L"
"CO", 4597.0,3772,"Ce","B","L"
"OC",12127.1,4034,"Ci","A","LC"
"CC",12516.2,4423,"Ci","A","LC"
"NN",11636.3,3618,"Nt","A","LC"
"NO",11247.2,3229,"Ci","A","LC"
"CO",10858.1,2840,"Ci","A","LC"
"CO",10288.9,2271,"Ci","A","LC"
"CC",10585.1,2492,"Ci","A","LC"
"ON",10088.5,1493,"Ci","A","LC"
"NN", 9705.2,1946,"Ci","A","LC"
"CC", 9316.0,1507,"Ci","A","LC"
"CC", 8926.9, 909,"Ci","A","LC"
"CC", 9223.1,1130,"Ci","A","LC"
"NN", 9115.7, 598,"Ci","A","LC"
"CC", 8732.3,1557,"Ci","A","LC"
"CC", 8343.2,1234,"Ci","A","LC"
"CC", 7954.1, 261,"Ci","A","LC"
"CO", 9028.5,2759,"Ci","A","LC"
"CC", 8157.3, 810,"Ci","A","LC"
"OO", 7774.0,1673,"Ci","A","LC"
"CC", 7384.9,1618,"Ci","A","LC"
"CC", 6995.7,1185,"Ci","A","LC"
"CO", 7291.9,1406,"Ci","A","LC"
"CO", 7681.1,2169,"Ci","A","LC"
"CN", 7184.5,1783,"Ci","A","LC"
"CC", 6801.2,2166,"Ci","A","LC"
"NN", 6412.0,2547,"Ci","A","LC"
"NO", 6022.9,2158,"Ci","A","LC"
"OC", 6319.1,2378,"Ci","A","LC"
"NN", 5828.3,3139,"Nt","A","LC"
"CN", 5439.2,3520,"Ci","A","LC"
"CC", 5050.1,3131,"Ci","A","LC"
"NO", 5346.3,3351,"Ci","A","LC"
"CO", 6124.5,4129,"Ci","A","LC"
"CC", 5253.3,3714,"Nt","A","LC"
"NO", 4870.0,4098,"Nt","A","LC"
"CO", 4480.9,4478,"Nt","A","LC"
"NN", 4091.7,4089,"Ci","A","LC"
"CC", 4387.9,4310,"Ci","A","LC"
"CC", 4777.1,4699,"Ci","A","LC"
"CC", 5209.8,4704,"Nt","A","LC"
"CC", 4280.5,4687,"Nt","A","LC"
"NO", 3897.2,5070,"Nt","A","LC"
